https://github.com/phax/ParserGeneratorCC/issues/28,https://github.com/HtmlUnit/htmlunit-cssparser/issues/4,open
https://github.com/mCodex/react-native-sensitive-info/issues/72,https://github.com/evgenyneu/keychain-swift/issues/78,open
https://github.com/apache/kafka/pull/5960,https://github.com/kafka-dev/kafka/issues/61#issue-323657794,open
https://github.com/streamnative/pulsar/issues/97,https://github.com/apache/pulsar/issues/4432,open
https://github.com/Lothrazar/Cyclic/issues/1437,https://github.com/AllTheMods/ATM-5/issues/144#issuecomment-639158398,open
https://github.com/apollographql/apollo-android/issues/1896,https://github.com/square/okhttp/issues/5542,open
https://github.com/spring-projects/spring-framework/issues/23044,https://github.com/apache/skywalking/issues/2768,open
https://github.com/tango-controls/jive/issues/49,https://github.com/tango-controls/TangoTickets/issues/2,open
https://github.com/cph-cachet/flutter-plugins/issues/50,https://github.com/ko2ic/image_downloader/issues/9,open
https://github.com/spring-projects/spring-security-oauth/issues/1796,https://github.com/spring-projects/spring-security/issues/7591,open
https://github.com/Wizcorp/phonegap-plugin-localNotifications/issues/36,https://github.com/shazron/KeychainPlugin/issues/13,open
https://github.com/SpongePowered/SpongeForge/issues/2744,https://github.com/DaedalusGame/EmbersRekindled/issues/164,open
https://github.com/eclipse-ee4j/jersey/issues/3614,https://github.com/jersey/jersey/issues/3614,open
https://github.com/react-native-community/lottie-react-native/issues/620,https://github.com/react-native-community/react-native-text-input-mask/issues/155,open
https://github.com/GIScience/openrouteservice/issues/725,https://github.com/graphhopper/graphhopper/issues/2028,open
https://github.com/harmony-dev/beacon-chain-java/issues/192,https://github.com/ethereum/eth2.0-specs/issues/1406,open
https://github.com/jrbudda/Vivecraft_112/issues/128,https://gitlab.freedesktop.org/drm/amd/issues/982,open
https://github.com/eclipse-archived/smarthome/issues/6099,https://github.com/jens-maus/RaspberryMatic/issues/298,open
https://github.com/TheAlienDrew/MC-Pack-Workbench/issues/16,https://github.com/mcRPW/rpw/issues/135,open
https://github.com/TannerPerrien/picasso-transformations/issues/5,https://github.com/kikoso/android-stackblur/issues/1,open
https://github.com/aws/aws-sdk-java/issues/2318,https://github.com/boto/boto3/issues/2045,open
https://github.com/spring-cloud/spring-cloud-commons/issues/648,https://github.com/spring-cloud/spring-cloud-gateway/issues/600#issuecomment-593339729,open
https://github.com/jbossas/jboss-classfilewriter/issues/14,https://github.com/cglib/cglib/issues/93,open
https://github.com/EXALAB/AnLinux-App/issues/36,https://github.com/Neo-Oli/termux-ubuntu/issues/44,open
https://github.com/Henningson/FeatureIDETeam2/issues/6,https://github.com/FeatureIDE/FeatureIDE/issues/419,open
https://github.com/OpenLiberty/archived-guide-microprofile-intro/pull/24,https://github.com/OpenLiberty/guide-rest-intro/issues/10,open
https://github.com/nativelibs4java/JNAerator/issues/74,https://github.com/nativelibs4java/nativelibs4java/issues/536,open
https://github.com/commoncrawl/ia-web-commons/issues/6,https://github.com/internetarchive/surt/issues/19,open
https://github.com/confluentinc/kafka-rest/issues/427,https://github.com/mtth/avsc/issues/118,open
https://github.com/bmwcarit/offline-map-matching/issues/3,https://github.com/bmwcarit/barefoot/issues/135#issuecomment-471323764,open
https://github.com/elastic/elasticsearch/issues/49763,https://github.com/elastic/beats/issues/16293,open
https://github.com/dsl-builders/spreadsheet/issues/17,https://github.com/kordamp/kordamp-gradle-plugins/issues/215,closed
https://github.com/getodk/collect/pull/3876,https://github.com/opendatakit/docs/issues/new,closed
https://github.com/stefan-niedermann/nextcloud-deck/issues/531,https://github.com/bumptech/glide/issues/1579#issuecomment-259818013,closed
https://github.com/418sec/gwtupload/pull/2,https://github.com/manolo/gwtupload/issues/33,closed
https://github.com/Glitchfiend/BiomesOPlenty/issues/1591,https://github.com/ZekerZhayard/OptiForge/issues/19,closed
https://github.com/eclipse-ee4j/glassfish/issues/3950,https://github.com/javaee/glassfish/issues/3950,closed
https://github.com/PlanQK/qc-atlas/pull/32,https://github.com/PlanQK/q-tal/issues/30,closed
https://github.com/zsawyer/MumbleLink/issues/17,https://github.com/andrew-hoffman/halfnes/issues/37,closed
https://github.com/IFL-CAMP/iiwa_stack/issues/243,https://github.com/ros-simulation/gazebo_ros_pkgs/issues/886,closed
https://github.com/Azure/azure-sdk-for-java/issues/7238,https://github.com/Azure/azure-sdk-for-net/issues/9737,closed
https://github.com/AppLozic/Applozic-Android-SDK/issues/228,https://github.com/firebase/quickstart-android/issues/41,closed
https://github.com/getodk/collect/pull/3776,https://github.com/opendatakit/docs/issues/new,closed
https://github.com/OneSignal/OneSignal-Cordova-SDK/issues/274,https://github.com/phonegap/phonegap-plugin-push/issues/1465#issuecomment-267711740,closed
https://github.com/apache/wicket/pull/413,https://issues.apache.org/jira/projects/WICKET/issues/WICKET-6714,closed
https://github.com/deltachat/deltachat-android/issues/1251,https://github.com/deltachat/deltachat-core-rust/issues/1122,closed
https://github.com/RPTools/maptool/issues/1299,https://github.com/locationtech/jts/issues/408,closed
https://github.com/eclipse-ee4j/glassfish/issues/17107,https://github.com/javaee/glassfish/issues/17107,closed
https://github.com/graphhopper/graphhopper/pull/1620,https://github.com/akka/akka/issues/25640,closed
https://github.com/eclipse-ee4j/glassfish/issues/18968,https://github.com/javaee/glassfish/issues/18968,closed
https://github.com/eclipse-ee4j/glassfish/issues/18969,https://github.com/javaee/glassfish/issues/18969,closed
https://github.com/eclipse-ee4j/glassfish/issues/3933,https://github.com/javaee/glassfish/issues/3933,closed
https://github.com/OpenAPITools/openapi-generator/issues/4600,https://www.bountysource.com/issues/66123212-javascript-client-produces-a-wrong-object-for-a-string-enum-type-that-is-used-with-ref,closed
https://github.com/JavaMoney/jsr354-ri/issues/328,https://github.com/unitsofmeasurement/indriya/issues/268,closed
https://github.com/StrikerRockers-Mods/VanillaTweaks/issues/87,https://github.com/Cazsius/Spice-of-Life-Carrot-Edition/issues/76,closed
https://github.com/rstudio/rstudio/issues/5896,https://github.com/nvaccess/nvda/issues/7996,closed
https://github.com/Mohist-Community/Mohist/issues/41,https://github.com/CyberdyneCC/Thermos/issues/52,closed
https://github.com/material-components/material-components-android/issues/193,https://issuetracker.google.com/issues/new?component=439535,closed
https://github.com/owmii/Powah/issues/51,https://github.com/FTBTeam/FTB-Continuum/issues/451,closed
https://github.com/react-native-community/react-native-svg/issues/1306,https://github.com/expo/expo/issues/2402,closed
https://github.com/cryptomator/cryptomator/issues/1021,https://github.com/cryptomator/cryptofs/issues/84,closed
https://github.com/reactor/reactor-core/pull/2147,https://github.com/spring-projects/spring-framework/issues/24652,closed
https://github.com/eclipse-ee4j/glassfish/issues/21299,https://github.com/javaee/glassfish/issues/21299,closed
https://github.com/AppliedEnergistics/Applied-Energistics-2/issues/3905,https://github.com/Chisel-Team/ConnectedTexturesMod/issues/92,closed
https://github.com/JabRef/jabref/pull/6151,https://github.com/koppor/jabref/issues/430,closed
https://github.com/AntennaPod/AntennaPod/issues/3617,https://github.com/google/ExoPlayer/issues/5772,closed
https://github.com/eclipse-ee4j/glassfish/issues/16155,https://github.com/javaee/glassfish/issues/16155,closed
https://github.com/rest-assured/rest-assured/issues/1175,https://github.com/Danieluss/IOIO/issues/6,closed
https://github.com/andstatus/andstatus/issues/393,https://code.google.com/p/android/issues/detail?id=215525,closed
https://github.com/eclipse-ee4j/glassfish/issues/21199,https://github.com/javaee/glassfish/issues/21199,closed
https://github.com/react-native-community/react-native-camera/issues/1686,https://github.com/react-navigation/redux-helpers/issues/53,closed
https://github.com/GoogleCloudPlatform/java-docs-samples/issues/2571,https://github.com/googleapis/google-cloud-cpp-spanner/issues/512,closed
https://github.com/chemerisuk/cordova-plugin-firebase-analytics/issues/88,https://github.com/firebase/firebase-ios-sdk/issues/1845,closed
https://github.com/cloudfoundry/uaa/issues/965,https://github.com/spring-projects/spring-security-saml/issues/137,closed
https://github.com/swagger-api/swagger-core/issues/2783,https://github.com/springfox/springfox/issues/2377,closed
https://github.com/sendgrid/sendgrid-java/issues/600,https://github.com/sendgrid/sendgrid-php/issues/826,closed
https://github.com/spring-projects/spring-kafka/issues/345,https://github.com/gradle/gradle/issues/11195#issuecomment-619501232,closed
https://github.com/intuit/karate/issues/1042,https://github.com/cytopia/devilbox/issues/9,closed
https://github.com/itsmeow/betteranimalsplus/issues/167,https://github.com/McJtyMods/InControl/issues/175,closed
https://github.com/sonatype-nexus-community/nexus-repository-conan/issues/56,https://github.com/conan-io/conan/issues/5027,closed
https://github.com/ArpNetworking/metrics-portal/pull/380,https://github.com/ebean-orm/ebean/issues/542,closed
https://github.com/OpenLiberty/guide-microprofile-fallback/issues/105,https://github.com/OpenLiberty/guide-rest-intro/issues/103,closed
https://github.com/SpongePowered/SpongeForge/issues/3136,https://github.com/BuiltBrokenModding/ICBM-Classic/issues/307,closed
https://github.com/mybatis/mybatipse/issues/97,https://github.com/fabioz/LiClipseText/issues/18,closed
https://github.com/l3nz/ari4java/issues/131,https://github.com/asterisk/node-ari-client/issues/62,closed
https://github.com/DSpace/DSpace/pull/2762,https://github.com/DSpace/dspace-angular/issues/244,closed
https://github.com/TerminatorNL/LagGoggles/issues/93,https://github.com/SpongePowered/SpongeForge/issues/1826,closed
https://github.com/microcks/microcks/issues/146,https://github.com/moby/moby/issues/32138,closed
https://github.com/graphhopper/graphhopper/issues/1897,https://github.com/dropwizard/dropwizard/issues/3145,closed
https://github.com/graphql-java/graphql-java/issues/1823,https://github.com/graphql/graphql-spec/issues/568,closed
https://github.com/payara/Payara/issues/3820,https://github.com/primefaces/primefaces/issues/4122,closed
https://github.com/OpenAPITools/openapi-generator/pull/5158,https://github.com/OAI/OpenAPI-Specification/issues/2119,closed
https://github.com/elastic/apm-agent-java/issues/1094,https://github.com/elastic/kibana/issues/40304,closed
https://github.com/k9mail/k-9/issues/1809,https://github.com/jstedfast/MailKit/issues/542,closed
https://github.com/CMSgov/dpc-app/pull/459,https://github-redirect.dependabot.com/rails/rails/issues/36752,closed
https://github.com/eclipse-ee4j/glassfish/issues/18993,https://github.com/javaee/glassfish/issues/18993,closed
https://github.com/spring-cloud/spring-cloud-gateway/issues/1690,https://github.com/spring-projects/spring-framework/issues/24763,closed
https://github.com/ibmruntimes/openj9-openjdk-jdk11/issues/231,https://github.com/eclipse/omr/issues/3354,closed
https://github.com/facebook/buck/issues/1055,https://code.google.com/p/android/issues/entry,closed
https://github.com/google/truth/issues/662,https://github.com/travis-ci/travis-ci/issues/7806,closed
https://github.com/reactor/reactor-netty/issues/1039,https://github.com/spring-projects/spring-framework/issues/24596,closed
https://github.com/OpenLiberty/open-liberty/issues/9808,https://github.com/smallrye/smallrye-reactive-messaging/issues/123,closed
https://github.com/snowdrop/quarkus/issues/147,https://github.com/quarkusio/quarkus/issues/2773,closed
https://github.com/snowdrop/quarkus/issues/128,https://github.com/quarkusio/quarkus/issues/2773,closed
https://github.com/snowdrop/quarkus/issues/127,https://github.com/quarkusio/quarkus/issues/2773,closed
https://github.com/snowdrop/quarkus/issues/125,https://github.com/quarkusio/quarkus/issues/2773,closed
https://github.com/snowdrop/quarkus/issues/102,https://github.com/quarkusio/quarkus/issues/2773,closed
https://github.com/snowdrop/quarkus/issues/101,https://github.com/quarkusio/quarkus/issues/2773,closed
https://github.com/spring-projects/spring-boot/issues/5427,https://github.com/spring-projects/spring-security-oauth/issues/716,closed
https://github.com/snowdrop/quarkus/issues/18,https://github.com/quarkusio/quarkus/issues/2773,closed
https://github.com/snowdrop/quarkus/issues/5,https://github.com/quarkusio/quarkus/issues/2773,closed
https://github.com/swagger-api/swagger-parser/issues/505,https://github.com/Swagger2Markup/swagger2markup/issues/276,closed
https://github.com/NatLibFi/maui/issues/10,https://github.com/eclipse/deeplearning4j/issues/31,closed
https://github.com/googleapis/java-bigtable-hbase/issues/1224,https://github.com/testcontainers/testcontainers-java/issues/68,closed
https://github.com/LivotovLabs/3DSView/issues/25,https://bugs.chromium.org/p/chromium/issues/detail?id=984741,closed
https://github.com/Zhuinden/simple-stack/issues/216,https://issuetracker.google.com/issues/79672220,closed
https://github.com/SpectoLabs/hoverfly-java/issues/225,https://github.com/SpectoLabs/hoverfly/issues/767,closed
https://github.com/eclipse-ee4j/glassfish/issues/18407,https://github.com/javaee/glassfish/issues/18407,closed
https://github.com/AppliedEnergistics/Applied-Energistics-2/issues/3926,https://github.com/NillerMedDild/Enigmatica2Expert/issues/1333,closed
https://github.com/eclipse-ee4j/jaxb-ri/issues/1292,https://github.com/eclipse-ee4j/jaxb-api/issues/93,closed
https://github.com/AlmasB/FXGL/issues/764,https://github.com/javafxports/openjdk-jfx/issues/222,closed
https://github.com/appium/java-client/issues/707,https://github.com/SeleniumHQ/selenium/issues/3087,closed
https://github.com/vaadin/flow/issues/4164,https://github.com/vaadin/framework/issues/10737,closed
https://github.com/eclipse-ee4j/glassfish/issues/7190,https://updatecenter2.dev.java.net/issues/show_bug.cgi?id=1112,closed
https://github.com/SeleniumHQ/selenium/issues/4364,https://github.com/seleniumhq/selenium-google-code-issue-archive/issues/6416,closed
https://github.com/oracle/graal/issues/1681,https://github.com/l3nz/cli-matic/issues/64,closed
https://github.com/spring-io/start.spring.io/issues/324,https://github.com/spring-io/initializr/issues/1034,closed
https://github.com/eclipse-ee4j/glassfish/issues/5082,https://github.com/javaee/glassfish/issues/5082,closed
https://github.com/bazelbuild/bazel/issues/10692,https://github.com/bazelbuild/intellij/issues/1206,closed
https://github.com/checkstyle/checkstyle/issues/7256,https://github.com/checkstyle/eclipse-cs/issues/188,closed
https://github.com/difi/oxalis/issues/460,https://github.com/difi/Oxalis-AS4/issues/102,closed
https://github.com/bigbluebutton/bigbluebutton/issues/9207,https://github.com/jitsi/jitsi-meet/issues/2506,closed
https://github.com/signalapp/Signal-Android/issues/9315,https://github.com/signalapp/Signal-Desktop/issues/2483#issuecomment-401047201,closed
https://github.com/oshi/oshi/issues/338,https://github.com/java-native-access/jna/issues/771,closed
https://github.com/jenkinsci/mesos-plugin/issues/257,https://github.com/mesosphere/marathon/issues/2373,closed
https://github.com/wincent/liferay-portal/pull/85,https://github.com/liferay/liferay-npm-tools/issues/300,closed
https://github.com/nextcloud/android/issues/4727,https://github.com/nextcloud/contacts/issues/990#issuecomment-563121615,closed
https://github.com/brianchandotcom/liferay-portal/pull/80080,https://github.com/liferay/liferay-npm-tools/issues/300,closed
https://github.com/eclipse-ee4j/glassfish/issues/4518,https://glassfish.dev.java.net/issues/show_bug.cgi?id=4518#desc5,closed
https://github.com/spring-cloud/spring-cloud-gateway/issues/1148,https://github.com/reactor/reactor-netty/issues/413,closed
https://github.com/eclipse-ee4j/glassfish/issues/3294,https://github.com/javaee/glassfish/issues/3294,closed
https://github.com/quarkusio/quarkus/issues/5109,https://hibernate.atlassian.net/projects/HHH/issues/HHH-13295,closed
https://github.com/firebase/geofire-java/issues/84,https://github.com/firebase/geofire-js/issues/159,closed
https://github.com/SeleniumHQ/selenium/issues/7834,https://github.com/diemol/selenium-issues/blob/master/selenium/issue-7834/Issue7834/Issue7834/Issue7834Troubleshooting.cs,closed
https://github.com/eclipse-ee4j/glassfish/issues/21588,https://github.com/javaee/glassfish/issues/21441,closed
https://github.com/eclipse-ee4j/glassfish/issues/21191,https://github.com/javaee/glassfish/issues/21191,closed
https://github.com/spring-projects/spring-boot/issues/19666,https://github.com/h2database/h2database/issues/1911,closed
https://github.com/tzaeschke/zoodb/issues/128,https://github.com/robolectric/robolectric/issues/4990,closed
https://github.com/vaadin/flow/issues/5924,https://github.com/vaadin/vaadin-upload-flow/issues/84,closed
https://github.com/eclipse-ee4j/glassfish/issues/22346,https://github.com/javaee/glassfish/issues/22346,closed
https://github.com/elastic/elasticsearch/issues/28988,https://github.com/elastic/apm-server/issues/2693#issuecomment-530366857,closed
https://github.com/FlansMods/FlansMod/issues/1226,https://github.com/mccreery/better-hud/issues/89,closed
https://github.com/iNPUTmice/Conversations/issues/1813,https://code.google.com/p/android/issues/detail?id=62319,closed
https://github.com/AY1920S2-CS2103T-F10-3/main/issues/306,https://github.com/tzihiang/ped/issues/11,closed
https://github.com/AY1920S2-CS2103T-F10-3/main/issues/316,https://github.com/tzihiang/ped/issues/1,closed
https://github.com/eclipse-ee4j/glassfish/issues/19009,https://github.com/javaee/glassfish/issues/19009,closed
https://github.com/AY1920S2-CS2103T-W16-1/main/issues/204,https://github.com/helloImHai/ped/issues/9,closed
https://github.com/featurecat/lizzie/issues/707,https://github.com/lightvector/KataGo/issues/231,closed
https://github.com/AY1920S2-CS2113-T14-2/tp/issues/69,https://github.com/brandoncjh/ped/issues/4,closed
https://github.com/wordpress-mobile/WordPress-Android/issues/11854,https://github.com/wordpress-mobile/WordPress-iOS/issues/14078,closed
https://github.com/apache/flink/pull/12443,https://github.com/scala/bug/issues/10509,closed
https://github.com/influxdata/influxdb-client-java/issues/85,https://github.com/influxdata/influxdb-java/issues/267,closed
https://github.com/streamnative/pulsar/issues/99,https://github.com/apache/pulsar/issues/4804,closed
https://github.com/AY1920S2-CS2113T-T13-3/tp/issues/97,https://github.com/joelczk/ped/issues/10,closed
https://github.com/AY1920S2-CS2113T-T13-3/tp/issues/103,https://github.com/joelczk/ped/issues/3,closed
https://github.com/andstatus/andstatus/issues/393,https://code.google.com/p/android/issues/detail?id=215525,closed
https://github.com/p455w0rds-MC-Mods/DankNull/issues/239,https://github.com/FTBTeam/FTB-Revelation-2/issues/339,closed
https://github.com/AY1920S2-CS2113T-T12-3/tp/issues/151,https://github.com/DeetoMok/ped/issues/3,closed
https://github.com/spring-projects/spring-framework/issues/24373,https://github.com/spring-projects/spring-hateoas/issues/867,closed
https://github.com/micronaut-projects/micronaut-core/issues/1103,https://github.com/mphouston/mn-issues/tree/master/route-trait-issue,closed
https://github.com/AY1920S2-CS2113T-M16-1/tp/issues/155,https://github.com/trishaangelica/ped/issues/3,closed
https://github.com/RCXcrafter/Mystical-Gears/issues/8,https://gitlab.com/Decivex/MechanicalCrafting/-/issues/1,closed
https://github.com/McJtyMods/RFTools/issues/537,https://github.com/Nuchaz/BiblioCraft/issues/324,closed
https://github.com/STommydx/2020S-COMP4111/issues/17,https://github.com/neutrinodesu/COMP4111-Project/issues/10#issuecomment-615276870,closed
https://github.com/digital-preservation/droid/issues/41,https://github.com/exponential-decay/skeleton-test-suite-generator/issues/2,closed
https://github.com/bbottema/simple-java-mail/issues/244,https://github.com/eclipse-ee4j/mail/issues/391,closed
https://github.com/google/bundletool/issues/134,https://github.com/android/ndk-samples/issues/668,closed
https://github.com/robertjanetzko/LegendsBrowser/issues/29,https://github.com/DFHack/dfhack/issues/1418,closed
https://github.com/jellysquid3/phosphor-forge/issues/51,https://github.com/TridentMC/DavincisVessels/issues/301,closed
https://github.com/AY1920S2-CS2103T-F09-4/main/issues/207,https://github.com/ljiazh3ng/ped/issues/6,closed
https://github.com/getodk/collect/issues/3879,https://console.firebase.google.com/u/0/project/api-project-322300403941/crashlytics/app/android:org.odk.collect.android/issues/71cf05a1083f68497a29ed76e47b8a5c?time=last-seven-days&sessionId=5ECF7867028400014DC482A245EAE022_DNE_0_v2,closed
https://github.com/RPTools/maptool/issues/1299,https://github.com/locationtech/jts/issues/408,closed
https://github.com/eclipse-ee4j/glassfish/issues/16699,https://github.com/javaee/glassfish/issues/16699,closed
https://github.com/Glitchfiend/SereneSeasons/issues/189,https://github.com/Johni0702/BetterPortals/issues/451,closed
https://github.com/dm77/barcodescanner/issues/287,https://github.com/oney/react-native-webrtc/issues/215,closed
https://github.com/nextcloud/android/issues/4870,https://github.com/greenrobot/EventBus/issues/156,closed
https://github.com/BloodyMods/ExNihiloCreatio/issues/279,https://github.com/TerraFirmaCraft/TerraFirmaCraft/issues/504,closed
https://github.com/418sec/gwtupload/pull/2,https://github.com/manolo/gwtupload/issues/33,closed
https://github.com/openstack4j/openstack4j/issues/9,https://github.com/ContainX/openstack4j/issues/869,closed
https://github.com/primefaces/primefaces/issues/4771,https://github.com/eclipse-ee4j/mojarra/issues/4680,closed
https://github.com/ldtteam/minecolonies/issues/3106,https://www.bountysource.com/issues/66630995-employed-villagers-will-only-eat-if-fired?utm_campaign=plugin&utm_content=tracker%2F43175463&utm_medium=issues&utm_source=github,closed
https://github.com/wso2/product-is/issues/5475,https://github.com/wso2-extensions/identity-outbound-auth-samlsso/issues/73,closed
https://github.com/twilio/voice-quickstart-android/pull/332,https://issuetracker.google.com/issues/37002161,closed
https://github.com/junit-pioneer/junit-pioneer/pull/140,https://github.com/junit-team/junit5/issues/1801,closed
https://github.com/TerraFirmaCraft/TerraFirmaCraft/issues/504,https://github.com/BloodyMods/ExNihiloCreatio/issues/279,closed
https://github.com/magmafoundation/Magma/issues/112,https://github.com/dmulloy2/ProtocolLib/issues/825,closed
https://github.com/eclipse-ee4j/glassfish/issues/18870,https://github.com/javaee/glassfish/issues/18870,closed
https://github.com/wordpress-mobile/WordPress-Android/issues/10505,https://github.com/facebook/react-native/issues/17530,closed
https://github.com/AzureAD/microsoft-authentication-library-for-android/issues/455,https://issuetracker.google.com/issues/115556774,closed
https://github.com/android/testing-samples/issues/56,https://code.google.com/p/android/issues/detail?id=192497,closed
https://github.com/twilio/voice-quickstart-android/pull/346,https://issuetracker.google.com/issues/37002161,closed
https://github.com/eclipse-ee4j/glassfish/issues/18175,https://github.com/javaee/glassfish/issues/18179,closed
https://github.com/eclipse-ee4j/glassfish/issues/22274,https://github.com/javaee/glassfish/issues/22274,closed
https://github.com/twilio/voice-quickstart-android/pull/329,https://issuetracker.google.com/issues/37002161,closed
https://github.com/turbodiesel4598/NuclearCraft/issues/553,https://github.com/McJtyMods/RFTools/issues/1963,closed
https://github.com/eclipse-ee4j/glassfish/issues/330,https://github.com/javaee/glassfish/issues/330,closed
https://github.com/eclipse-ee4j/glassfish/issues/5408,https://sailfin.dev.java.net/issues/show_bug.cgi?id=1379,closed
https://github.com/spring-projects/spring-framework/issues/18640,https://github.com/spring-projects/spring-boot/issues/4828,closed
https://github.com/eclipse-ee4j/glassfish/issues/12414,https://glassfish.dev.java.net/issues/show_bug.cgi?id=12188,closed
https://github.com/RPTools/maptool/issues/617,https://github.com/JamzTheMan/MapTool/issues/23,closed
https://github.com/graphhopper/graphhopper/pull/1620,https://github.com/akka/akka/issues/25640,closed
https://github.com/zalando/zalenium/issues/939,https://github.com/square/okhttp/issues/1517,closed
https://github.com/opentracing-contrib/java-spring-cloud/issues/225,https://github.com/spring-cloud/spring-cloud-sleuth/issues/1092,closed
https://github.com/signalapp/Signal-Android/issues/4493,https://github.com/WhisperSystems/Signal-Android/issues/4476,closed
https://github.com/SeleniumHQ/selenium/issues/5481,https://bugs.chromium.org/p/chromedriver/issues/detail?id=2034,closed
https://github.com/dropwizard/dropwizard/issues/2436,https://github.com/eclipse/jetty.project/issues/2233,closed
https://github.com/hazelcast/hazelcast-hibernate/issues/153,https://github.com/hazelcast/hazelcast/issues/4406,closed
https://github.com/wordpress-mobile/WordPress-Android/issues/10094,https://issuetracker.google.com/issues/110507716,closed
https://github.com/twilio/voice-quickstart-android/pull/315,https://issuetracker.google.com/issues/37002161,closed
https://github.com/eclipse-ee4j/glassfish/issues/7190,https://updatecenter2.dev.java.net/issues/show_bug.cgi?id=1112,closed
https://github.com/ooni/probe-android/pull/262,https://github.com/ooni/probe/issues/860#issue-451576718,closed
https://github.com/netty/netty/issues/327,https://github.com/vlingo/vlingo-wire/issues/28,closed
https://github.com/spring-projects/sts4/issues/434,https://github.com/spring-projects/spring-ide/issues/406,closed
https://github.com/twilio/voice-quickstart-android/pull/312,https://issuetracker.google.com/issues/37002161,closed
https://github.com/react-native-community/react-native-device-info/issues/748,https://github.com/zulip/zulip-mobile/issues/3983,closed
https://github.com/mekanism/Mekanism/issues/5660,https://github.com/Johni0702/BetterPortals/issues/382,closed
https://github.com/zaproxy/zaproxy/issues/5483,https://github.com/gradle/gradle/issues/,closed
https://github.com/corretto/corretto-8/issues/176,https://github.com/AdoptOpenJDK/openjdk-build/issues/1337,closed
https://github.com/ioet/bpm-people-time-api/pull/11,https://github.com/aws/aws-cli/issues/2599,closed
https://github.com/vaadin/flow/issues/4777,https://github.com/vaadin/vaadin-text-field-flow/issues/104,closed
https://github.com/Selim042/ModJam_5/issues/8,https://github.com/pau101/Wings/issues/1,closed
https://github.com/eclipse/deeplearning4j/issues/7170,https://github.com/google/guava/issues/2152,closed
https://github.com/openshift/jenkins-client-plugin/issues/294,https://github.com/kubernetes/test-infra/issues/new?title=Prow%20issue:,closed
https://github.com/openzipkin/zipkin-gcp/issues/133,https://github.com/spring-cloud/spring-cloud-gcp/issues/1752,closed
https://github.com/oshi/oshi/issues/796,https://github.com/netty/netty/issues/2170,closed
https://github.com/signalapp/Signal-Android/issues/9315,https://github.com/signalapp/Signal-Desktop/issues/2483#issuecomment-401047201,closed
https://github.com/PegaSysEng/teku/issues/1740,https://github.com/sigp/lighthouse/issues/949,closed
https://github.com/cs2113-ay1819s2-t08-2/main/issues/75,https://github.com/nusCS2113-AY1819S2/pe-dry-run/issues/163,closed
https://github.com/kalessil/phpinspectionsea/issues/1293,https://youtrack.jetbrains.com/issues/,closed
https://github.com/vaadin/vaadin-text-field-flow/issues/156,https://github.com/vaadin/flow/issues/4777,closed
https://github.com/CS2103-AY1819S2-W14-2/main/issues/179,https://github.com/nus-cs2103-AY1819S2/pe-dry-run/issues/700,closed
https://github.com/spring-projects/spring-boot/issues/16184,https://github.com/spring-projects/spring-framework/issues/22694,closed
https://github.com/tomakehurst/wiremock/issues/914,https://github.com/spring-projects/spring-boot/issues/10569,closed
https://github.com/k9mail/k-9/issues/1809,https://github.com/jstedfast/MailKit/issues/542,closed
https://github.com/eclipse-ee4j/jersey/pull/4094,https://github.com/jmockit/jmockit1/issues/598,closed
https://github.com/twilio/voice-quickstart-android/pull/297,https://issuetracker.google.com/issues/37002161,closed
https://github.com/aws/aws-sdk-java-v2/issues/1473,https://github.com/findify/s3mock/issues/147,closed
https://github.com/torakiki/pdfsam/issues/246,https://gitlab.freedesktop.org/mesa/mesa/issues/1426,closed
https://github.com/twilio/voice-quickstart-android/pull/296,https://issuetracker.google.com/issues/37002161,closed
https://github.com/twilio/voice-quickstart-android/pull/295,https://issuetracker.google.com/issues/37002161,closed
https://github.com/twilio/voice-quickstart-android/pull/294,https://issuetracker.google.com/issues/37002161,closed
https://github.com/twilio/voice-quickstart-android/pull/303,https://issuetracker.google.com/issues/37002161,closed
https://github.com/Selim042/SM-Selim-Enchants/issues/7,https://github.com/SilentChaos512/SilentGems/issues/356,closed
https://github.com/vaadin/flow/issues/5924,https://github.com/vaadin/vaadin-upload-flow/issues/84,closed
https://github.com/greenrobot/greenDAO/issues/428,https://code.google.com/p/android/issues/detail?id=186012,closed
https://github.com/spring-cloud/spring-cloud-dataflow/issues/3324,https://github.com/spring-cloud/spring-cloud-scheduler-kubernetes/issues/21,closed
https://github.com/Swrve/swrve-android-sdk/issues/282,https://issuetracker.google.com/issues/63622293,closed
https://github.com/cbeust/testng/issues/1040,https://bugs.chromium.org/p/chromedriver/issues/list,closed
https://github.com/CS2103-AY1819S1-T12-1/main/issues/164,https://github.com/nus-cs2103-AY1819S1/pe-dry-run/issues/1104,closed
https://github.com/twilio/voice-quickstart-android/pull/289,https://issuetracker.google.com/issues/37002161,closed
https://github.com/microg/android_packages_apps_GmsCore/issues/444,https://www.bountysource.com/issues/51754261-no-notification-w-google-voice-bounty,closed
https://github.com/Javacord/Javacord/issues/442,https://github.com/discord/discord-api-docs/issues/855,closed
https://github.com/chrisjenx/Calligraphy/issues/211,https://code.google.com/p/android/issues/detail?id=200832,closed
https://github.com/GoogleCloudPlatform/community/issues/956,https://issuetracker.google.com/issues/35904911,closed
https://github.com/twilio/voice-quickstart-android/pull/285,https://issuetracker.google.com/issues/37002161,closed
https://github.com/twilio/voice-quickstart-android/pull/293,https://issuetracker.google.com/issues/37002161,closed
https://github.com/twilio/voice-quickstart-android/pull/306,https://issuetracker.google.com/issues/37002161,closed
https://github.com/PAGalaxyLab/YAHFA/issues/101,https://github.com/ElderDrivers/EdXposed/issues/127,closed
https://github.com/twilio/voice-quickstart-android/pull/288,https://issuetracker.google.com/issues/37002161,closed
https://github.com/BentoBoxWorld/BentoBox/issues/1180,https://github.com/EssentialsX/Essentials/issues/2701,closed
https://github.com/classgraph/classgraph/issues/420,https://github.com/google/jimfs/issues/54,closed
https://github.com/CS2103-AY1819S1-W14-2/main/issues/125,https://github.com/nus-cs2103-AY1819S1/pe-dry-run/issues/561,closed
https://github.com/twilio/voice-quickstart-android/pull/286,https://issuetracker.google.com/issues/37002161,closed
https://github.com/ome/omero-dsl-plugin/pull/7,https://github.com/ome/omero-model/issues/10,closed
https://github.com/twilio/voice-quickstart-android/issues/275,https://issuetracker.google.com/issues/37002161,closed
https://github.com/payara/Payara/issues/2513,https://github.com/eclipse-ee4j/grizzly-npn/issues/4,closed
https://github.com/apache/maven-surefire/pull/212,https://github.com/junit-team/junit5/issues/1188,closed
https://github.com/Alluxio/alluxio/issues/10020,https://github.com/airlift/airlift/issues/781#issuecomment-565230704,closed
https://github.com/twilio/voice-quickstart-android/pull/282,https://issuetracker.google.com/issues/37002161,closed
https://github.com/eclipse-ee4j/glassfish/issues/16619,https://github.com/javaee/glassfish/issues/16619,closed
https://github.com/CS2103-AY1819S2-W14-2/main/issues/170,https://github.com/nus-cs2103-AY1819S2/pe-dry-run/issues/240,closed
https://github.com/Apress/java-for-absolute-beginners/issues/2,https://github.com/gradle/gradle/issues/7059,closed
https://github.com/fesch/Structorizer.Desktop/issues/536,https://github.com/chatty/chatty/issues/69,closed
https://github.com/cs2103-ay1819s2-w09-1/main/issues/130,https://github.com/nus-cs2103-AY1819S2/pe-dry-run/issues/459,closed
https://github.com/OneSignal/OneSignal-Cordova-SDK/issues/581,https://github.com/OneSignal/OneSignal-iOS-SDK/issues/430,closed
https://github.com/spring-projects/spring-framework/issues/14576,https://github.com/SpringSource/spring-framework-issues/tree/master/SPR-9943,closed
https://github.com/Chisel-Team/ConnectedTexturesMod/issues/84,https://github.com/iLexiconn/LLibrary/issues/106,closed
https://github.com/davido/gerrit-oauth-provider/issues/123,https://bugs.chromium.org/p/gerrit/issues/detail?id=9001&q=reporter%3Azifnab%40zifnab06.net,closed
https://github.com/twilio/voice-quickstart-android/pull/266,https://issuetracker.google.com/issues/37002161,closed
https://github.com/HotelsDotCom/hcommon-hive-metastore/pull/17,https://github.com/HotelsDotCom/circus-train/issues/115,closed
https://github.com/jshiell/checkstyle-idea/issues/441,https://github.com/checkstyle/checkstyle/issues/6987,closed
https://github.com/twilio/voice-quickstart-android/pull/265,https://issuetracker.google.com/issues/37002161,closed
https://github.com/macacajs/UIAutomatorWD/pull/45,https://github.com/appium/appium/issues/4200,closed
https://github.com/InnovativeOnlineIndustries/Industrial-Foregoing/issues/501,https://github.com/DarkPacks/SkyFactory-4/issues/111,closed
https://github.com/ben-manes/caffeine/issues/300,https://github.com/scala/bug/issues/7751,closed
https://github.com/twilio/voice-quickstart-android/pull/262,https://issuetracker.google.com/issues/37002161,closed
https://github.com/square/wire/issues/882,https://github.com/square/okhttp/issues/4395,closed
https://github.com/signalapp/Signal-Android/issues/8872,https://issuetracker.google.com/issues/37068143,closed
https://github.com/elastic/elasticsearch/issues/35229,https://github.com/googleapis/google-cloud-java/issues/3410,closed
https://github.com/twilio/voice-quickstart-android/pull/259,https://issuetracker.google.com/issues/37002161,closed
https://github.com/spring-cloud/spring-cloud-aws/issues/360,https://github.com/spring-projects/spring-integration-aws/issues/39,closed
https://github.com/twilio/voice-quickstart-android/pull/258,https://issuetracker.google.com/issues/37002161,closed
https://github.com/OpenAPITools/openapi-generator/issues/1882,https://www.bountysource.com/issues/66123212-javascript-client-produces-a-wrong-object-for-a-string-enum-type-that-is-used-with-ref,closed
https://github.com/twilio/voice-quickstart-android/pull/264,https://issuetracker.google.com/issues/37002161,closed
https://github.com/jenkinsci/gitlab-plugin/issues/983,https://issues.jenkins-ci.org/issues/?jql=,closed
https://github.com/twilio/voice-quickstart-android/pull/252,https://issuetracker.google.com/issues/37002161,closed
https://github.com/bazelbuild/bazel/issues/5115,https://github.com/bazelbuild/rules_python/issues/71,closed
https://github.com/swagger-api/swagger-core/issues/3009,https://github.com/jersey/jersey/issues/3458,closed
https://github.com/twilio/voice-quickstart-android/pull/239,https://issuetracker.google.com/issues/37002161,closed
https://github.com/google/guava/issues/1668,https://code.google.com/p/guava-libraries/issues/detail?id=1668,closed
https://github.com/twilio/voice-quickstart-android/pull/250,https://issuetracker.google.com/issues/37002161,closed
https://github.com/grpc/grpc-java/issues/317,https://github.com/netty/netty/issues/3643,closed
https://github.com/jitsi/jitsi-videobridge/issues/707,https://github.com/jitsi/jicofo/issues/276,closed
https://github.com/bazelbuild/bazel/issues/5542,https://buganizer.corp.google.com/issues/23962735,closed
https://github.com/igniterealtime/Openfire/pull/1518,https://issues.igniterealtime.org/projects/OF/issues/OF-1922,closed
https://github.com/react-native-community/google-signin/issues/485,https://github.com/react-native-community/react-native-google-signin/issues/522#issuecomment-421849859,closed
https://github.com/CyclopsMC/IntegratedTunnels/issues/139,https://github.com/CyclopsMC/IntegratedDynamics/issues/644,closed
https://github.com/OpenAPITools/openapi-generator/issues/2445,https://www.bountysource.com/issues/66123212-javascript-client-produces-a-wrong-object-for-a-string-enum-type-that-is-used-with-ref,closed
https://github.com/FlansMods/FlansMod/issues/1226,https://github.com/mccreery/better-hud/issues/89,closed
https://github.com/iNPUTmice/Conversations/issues/1813,https://code.google.com/p/android/issues/detail?id=62319,closed
https://github.com/AY1920S2-CS2103T-F10-3/main/issues/305,https://github.com/tzihiang/ped/issues/12,closed
https://github.com/AY1920S2-CS2103T-F10-3/main/issues/306,https://github.com/tzihiang/ped/issues/11,closed
https://github.com/AY1920S2-CS2103T-F10-3/main/issues/316,https://github.com/tzihiang/ped/issues/1,closed
https://github.com/eclipse-ee4j/glassfish/issues/19009,https://github.com/javaee/glassfish/issues/19009,closed
https://github.com/AY1920S2-CS2103T-W16-1/main/issues/204,https://github.com/helloImHai/ped/issues/9,closed
https://github.com/featurecat/lizzie/issues/707,https://github.com/lightvector/KataGo/issues/231,closed
https://github.com/AY1920S2-CS2113-T14-2/tp/issues/69,https://github.com/brandoncjh/ped/issues/4,closed
https://github.com/wordpress-mobile/WordPress-Android/issues/11854,https://github.com/wordpress-mobile/WordPress-iOS/issues/14078,closed
https://github.com/apache/flink/pull/12443,https://github.com/scala/bug/issues/10509,closed
https://github.com/influxdata/influxdb-client-java/issues/85,https://github.com/influxdata/influxdb-java/issues/267,closed
https://github.com/streamnative/pulsar/issues/99,https://github.com/apache/pulsar/issues/4804,closed
https://github.com/AY1920S2-CS2113T-T13-3/tp/issues/97,https://github.com/joelczk/ped/issues/10,closed
https://github.com/AY1920S2-CS2113T-T13-3/tp/issues/103,https://github.com/joelczk/ped/issues/3,closed
https://github.com/andstatus/andstatus/issues/393,https://code.google.com/p/android/issues/detail?id=215525,closed
https://github.com/p455w0rds-MC-Mods/DankNull/issues/239,https://github.com/FTBTeam/FTB-Revelation-2/issues/339,closed
https://github.com/AY1920S2-CS2113T-T12-3/tp/issues/151,https://github.com/DeetoMok/ped/issues/3,closed
https://github.com/spring-projects/spring-framework/issues/24373,https://github.com/spring-projects/spring-hateoas/issues/867,closed
https://github.com/micronaut-projects/micronaut-core/issues/1103,https://github.com/mphouston/mn-issues/tree/master/route-trait-issue,closed
https://github.com/AY1920S2-CS2113T-M16-1/tp/issues/155,https://github.com/trishaangelica/ped/issues/3,closed
https://github.com/twilio/voice-quickstart-android/pull/354,https://issuetracker.google.com/issues/37002161,closed
https://github.com/RCXcrafter/Mystical-Gears/issues/8,https://gitlab.com/Decivex/MechanicalCrafting/-/issues/1,closed
https://github.com/McJtyMods/RFTools/issues/537,https://github.com/Nuchaz/BiblioCraft/issues/324,closed
https://github.com/STommydx/2020S-COMP4111/issues/17,https://github.com/neutrinodesu/COMP4111-Project/issues/10#issuecomment-615276870,closed
https://github.com/digital-preservation/droid/issues/41,https://github.com/exponential-decay/skeleton-test-suite-generator/issues/2,closed
https://github.com/bbottema/simple-java-mail/issues/244,https://github.com/eclipse-ee4j/mail/issues/391,closed
https://github.com/google/bundletool/issues/134,https://github.com/android/ndk-samples/issues/668,closed
https://github.com/robertjanetzko/LegendsBrowser/issues/29,https://github.com/DFHack/dfhack/issues/1418,closed
https://github.com/jellysquid3/phosphor-forge/issues/51,https://github.com/TridentMC/DavincisVessels/issues/301,closed
https://github.com/AY1920S2-CS2103T-F09-4/main/issues/207,https://github.com/ljiazh3ng/ped/issues/6,closed
https://github.com/getodk/collect/issues/3879,https://console.firebase.google.com/u/0/project/api-project-322300403941/crashlytics/app/android:org.odk.collect.android/issues/71cf05a1083f68497a29ed76e47b8a5c?time=last-seven-days&sessionId=5ECF7867028400014DC482A245EAE022_DNE_0_v2,closed
https://github.com/RPTools/maptool/issues/1299,https://github.com/locationtech/jts/issues/408,closed
https://github.com/eclipse-ee4j/glassfish/issues/16699,https://github.com/javaee/glassfish/issues/16699,closed
https://github.com/vaadin/flow/issues/5140,https://github.com/vaadin/vaadin-material-styles/issues/85,closed
https://github.com/Glitchfiend/SereneSeasons/issues/189,https://github.com/Johni0702/BetterPortals/issues/451,closed
https://github.com/dm77/barcodescanner/issues/287,https://github.com/oney/react-native-webrtc/issues/215,closed
https://github.com/nextcloud/android/issues/4870,https://github.com/greenrobot/EventBus/issues/156,closed
https://github.com/418sec/gwtupload/pull/2,https://github.com/manolo/gwtupload/issues/33,closed
https://github.com/BloodyMods/ExNihiloCreatio/issues/279,https://github.com/TerraFirmaCraft/TerraFirmaCraft/issues/504,closed
https://github.com/openstack4j/openstack4j/issues/9,https://github.com/ContainX/openstack4j/issues/869,closed
https://github.com/primefaces/primefaces/issues/4771,https://github.com/eclipse-ee4j/mojarra/issues/4680,closed
https://github.com/ldtteam/minecolonies/issues/3106,https://www.bountysource.com/issues/66630995-employed-villagers-will-only-eat-if-fired?utm_campaign=plugin&utm_content=tracker%2F43175463&utm_medium=issues&utm_source=github,closed
https://github.com/wso2/product-is/issues/5475,https://github.com/wso2-extensions/identity-outbound-auth-samlsso/issues/73,closed
https://github.com/twilio/voice-quickstart-android/pull/332,https://issuetracker.google.com/issues/37002161,closed
https://github.com/junit-pioneer/junit-pioneer/pull/140,https://github.com/junit-team/junit5/issues/1801,closed
https://github.com/TerraFirmaCraft/TerraFirmaCraft/issues/504,https://github.com/BloodyMods/ExNihiloCreatio/issues/279,closed
https://github.com/magmafoundation/Magma/issues/112,https://github.com/dmulloy2/ProtocolLib/issues/825,closed
https://github.com/eclipse-ee4j/glassfish/issues/18870,https://github.com/javaee/glassfish/issues/18870,closed
https://github.com/wordpress-mobile/WordPress-Android/issues/10505,https://github.com/facebook/react-native/issues/17530,closed
https://github.com/AzureAD/microsoft-authentication-library-for-android/issues/455,https://issuetracker.google.com/issues/115556774,closed
https://github.com/android/testing-samples/issues/56,https://code.google.com/p/android/issues/detail?id=192497,closed
https://github.com/twilio/voice-quickstart-android/pull/346,https://issuetracker.google.com/issues/37002161,closed
https://github.com/eclipse-ee4j/glassfish/issues/18175,https://github.com/javaee/glassfish/issues/18179,closed
https://github.com/eclipse-ee4j/glassfish/issues/22274,https://github.com/javaee/glassfish/issues/22274,closed
https://github.com/twilio/voice-quickstart-android/pull/329,https://issuetracker.google.com/issues/37002161,closed
https://github.com/turbodiesel4598/NuclearCraft/issues/553,https://github.com/McJtyMods/RFTools/issues/1963,closed
https://github.com/eclipse-ee4j/glassfish/issues/330,https://github.com/javaee/glassfish/issues/330,closed
https://github.com/eclipse-ee4j/glassfish/issues/5408,https://sailfin.dev.java.net/issues/show_bug.cgi?id=1379,closed
https://github.com/spring-projects/spring-framework/issues/18640,https://github.com/spring-projects/spring-boot/issues/4828,closed
https://github.com/eclipse-ee4j/glassfish/issues/12414,https://glassfish.dev.java.net/issues/show_bug.cgi?id=12188,closed
https://github.com/RPTools/maptool/issues/617,https://github.com/JamzTheMan/MapTool/issues/23,closed
https://github.com/graphhopper/graphhopper/pull/1620,https://github.com/akka/akka/issues/25640,closed
https://github.com/zalando/zalenium/issues/939,https://github.com/square/okhttp/issues/1517,closed
https://github.com/opentracing-contrib/java-spring-cloud/issues/225,https://github.com/spring-cloud/spring-cloud-sleuth/issues/1092,closed
https://github.com/signalapp/Signal-Android/issues/4493,https://github.com/WhisperSystems/Signal-Android/issues/4476,closed
https://github.com/SeleniumHQ/selenium/issues/5481,https://bugs.chromium.org/p/chromedriver/issues/detail?id=2034,closed
https://github.com/dropwizard/dropwizard/issues/2436,https://github.com/eclipse/jetty.project/issues/2233,closed
https://github.com/wordpress-mobile/WordPress-Android/issues/10094,https://issuetracker.google.com/issues/110507716,closed
https://github.com/twilio/voice-quickstart-android/pull/315,https://issuetracker.google.com/issues/37002161,closed
https://github.com/hazelcast/hazelcast-hibernate/issues/153,https://github.com/hazelcast/hazelcast/issues/4406,closed
https://github.com/ooni/probe-android/pull/262,https://github.com/ooni/probe/issues/860#issue-451576718,closed
https://github.com/eclipse-ee4j/glassfish/issues/7190,https://updatecenter2.dev.java.net/issues/show_bug.cgi?id=1112,closed
https://github.com/netty/netty/issues/327,https://github.com/vlingo/vlingo-wire/issues/28,closed
https://github.com/spring-projects/sts4/issues/434,https://github.com/spring-projects/spring-ide/issues/406,closed
https://github.com/twilio/voice-quickstart-android/pull/312,https://issuetracker.google.com/issues/37002161,closed
https://github.com/react-native-community/react-native-device-info/issues/748,https://github.com/zulip/zulip-mobile/issues/3983,closed
https://github.com/mekanism/Mekanism/issues/5660,https://github.com/Johni0702/BetterPortals/issues/382,closed
https://github.com/zaproxy/zaproxy/issues/5483,https://github.com/gradle/gradle/issues/,closed
https://github.com/corretto/corretto-8/issues/176,https://github.com/AdoptOpenJDK/openjdk-build/issues/1337,closed
https://github.com/ioet/bpm-people-time-api/pull/11,https://github.com/aws/aws-cli/issues/2599,closed
https://github.com/vaadin/flow/issues/4777,https://github.com/vaadin/vaadin-text-field-flow/issues/104,closed
https://github.com/Selim042/ModJam_5/issues/8,https://github.com/pau101/Wings/issues/1,closed
https://github.com/eclipse/deeplearning4j/issues/7170,https://github.com/google/guava/issues/2152,closed
https://github.com/openshift/jenkins-client-plugin/issues/294,https://github.com/kubernetes/test-infra/issues/new?title=Prow%20issue:,closed
https://github.com/openzipkin/zipkin-gcp/issues/133,https://github.com/spring-cloud/spring-cloud-gcp/issues/1752,closed
https://github.com/oshi/oshi/issues/796,https://github.com/netty/netty/issues/2170,closed
https://github.com/signalapp/Signal-Android/issues/9315,https://github.com/signalapp/Signal-Desktop/issues/2483#issuecomment-401047201,closed
https://github.com/PegaSysEng/teku/issues/1740,https://github.com/sigp/lighthouse/issues/949,closed
https://github.com/cs2113-ay1819s2-t08-2/main/issues/75,https://github.com/nusCS2113-AY1819S2/pe-dry-run/issues/163,closed
https://github.com/kalessil/phpinspectionsea/issues/1293,https://youtrack.jetbrains.com/issues/,closed
https://github.com/vaadin/vaadin-text-field-flow/issues/156,https://github.com/vaadin/flow/issues/4777,closed
https://github.com/CS2103-AY1819S2-W14-2/main/issues/179,https://github.com/nus-cs2103-AY1819S2/pe-dry-run/issues/700,closed
https://github.com/spring-projects/spring-boot/issues/16184,https://github.com/spring-projects/spring-framework/issues/22694,closed
https://github.com/tomakehurst/wiremock/issues/914,https://github.com/spring-projects/spring-boot/issues/10569,closed
https://github.com/sinkillerj/ProjectE/issues/1642,https://github.com/GrimCo/CoopLife2/issues/46,closed
https://github.com/k9mail/k-9/issues/1809,https://github.com/jstedfast/MailKit/issues/542,closed
https://github.com/eclipse-ee4j/jersey/pull/4094,https://github.com/jmockit/jmockit1/issues/598,closed
https://github.com/twilio/voice-quickstart-android/pull/297,https://issuetracker.google.com/issues/37002161,closed
https://github.com/aws/aws-sdk-java-v2/issues/1473,https://github.com/findify/s3mock/issues/147,closed
https://github.com/torakiki/pdfsam/issues/246,https://gitlab.freedesktop.org/mesa/mesa/issues/1426,closed
https://github.com/twilio/voice-quickstart-android/pull/296,https://issuetracker.google.com/issues/37002161,closed
https://github.com/twilio/voice-quickstart-android/pull/295,https://issuetracker.google.com/issues/37002161,closed
https://github.com/twilio/voice-quickstart-android/pull/294,https://issuetracker.google.com/issues/37002161,closed
https://github.com/twilio/voice-quickstart-android/pull/303,https://issuetracker.google.com/issues/37002161,closed
https://github.com/Selim042/SM-Selim-Enchants/issues/7,https://github.com/SilentChaos512/SilentGems/issues/356,closed
https://github.com/vaadin/flow/issues/5924,https://github.com/vaadin/vaadin-upload-flow/issues/84,closed
https://github.com/greenrobot/greenDAO/issues/428,https://code.google.com/p/android/issues/detail?id=186012,closed
https://github.com/spring-cloud/spring-cloud-dataflow/issues/3324,https://github.com/spring-cloud/spring-cloud-scheduler-kubernetes/issues/21,closed
https://github.com/Swrve/swrve-android-sdk/issues/282,https://issuetracker.google.com/issues/63622293,closed
https://github.com/cbeust/testng/issues/1040,https://bugs.chromium.org/p/chromedriver/issues/list,closed
https://github.com/CS2103-AY1819S1-T12-1/main/issues/164,https://github.com/nus-cs2103-AY1819S1/pe-dry-run/issues/1104,closed
https://github.com/twilio/voice-quickstart-android/pull/289,https://issuetracker.google.com/issues/37002161,closed
https://github.com/Javacord/Javacord/issues/442,https://github.com/discord/discord-api-docs/issues/855,closed
https://github.com/chrisjenx/Calligraphy/issues/211,https://code.google.com/p/android/issues/detail?id=200832,closed
https://github.com/GoogleCloudPlatform/community/issues/956,https://issuetracker.google.com/issues/35904911,closed
https://github.com/microg/android_packages_apps_GmsCore/issues/444,https://www.bountysource.com/issues/51754261-no-notification-w-google-voice-bounty,closed
https://github.com/twilio/voice-quickstart-android/pull/285,https://issuetracker.google.com/issues/37002161,closed
https://github.com/twilio/voice-quickstart-android/pull/293,https://issuetracker.google.com/issues/37002161,closed
https://github.com/twilio/voice-quickstart-android/pull/306,https://issuetracker.google.com/issues/37002161,closed
https://github.com/PAGalaxyLab/YAHFA/issues/101,https://github.com/ElderDrivers/EdXposed/issues/127,closed
https://github.com/twilio/voice-quickstart-android/pull/288,https://issuetracker.google.com/issues/37002161,closed
https://github.com/classgraph/classgraph/issues/420,https://github.com/google/jimfs/issues/54,closed
https://github.com/CS2103-AY1819S1-W14-2/main/issues/125,https://github.com/nus-cs2103-AY1819S1/pe-dry-run/issues/561,closed
https://github.com/BentoBoxWorld/BentoBox/issues/1180,https://github.com/EssentialsX/Essentials/issues/2701,closed
https://github.com/twilio/voice-quickstart-android/pull/286,https://issuetracker.google.com/issues/37002161,closed
https://github.com/ome/omero-dsl-plugin/pull/7,https://github.com/ome/omero-model/issues/10,closed
https://github.com/apache/maven-surefire/pull/212,https://github.com/junit-team/junit5/issues/1188,closed
https://github.com/twilio/voice-quickstart-android/issues/275,https://issuetracker.google.com/issues/37002161,closed
https://github.com/payara/Payara/issues/2513,https://github.com/eclipse-ee4j/grizzly-npn/issues/4,closed
https://github.com/Alluxio/alluxio/issues/10020,https://github.com/airlift/airlift/issues/781#issuecomment-565230704,closed
https://github.com/twilio/voice-quickstart-android/pull/282,https://issuetracker.google.com/issues/37002161,closed
https://github.com/eclipse-ee4j/glassfish/issues/16619,https://github.com/javaee/glassfish/issues/16619,closed
https://github.com/CS2103-AY1819S2-W14-2/main/issues/170,https://github.com/nus-cs2103-AY1819S2/pe-dry-run/issues/240,closed
https://github.com/Apress/java-for-absolute-beginners/issues/2,https://github.com/gradle/gradle/issues/7059,closed
https://github.com/cs2103-ay1819s2-w09-1/main/issues/130,https://github.com/nus-cs2103-AY1819S2/pe-dry-run/issues/459,closed
https://github.com/fesch/Structorizer.Desktop/issues/536,https://github.com/chatty/chatty/issues/69,closed
https://github.com/Chisel-Team/ConnectedTexturesMod/issues/84,https://github.com/iLexiconn/LLibrary/issues/106,closed
https://github.com/spring-projects/spring-framework/issues/14576,https://github.com/SpringSource/spring-framework-issues/tree/master/SPR-9943,closed
https://github.com/OneSignal/OneSignal-Cordova-SDK/issues/581,https://github.com/OneSignal/OneSignal-iOS-SDK/issues/430,closed
https://github.com/davido/gerrit-oauth-provider/issues/123,https://bugs.chromium.org/p/gerrit/issues/detail?id=9001&q=reporter%3Azifnab%40zifnab06.net,closed
https://github.com/twilio/voice-quickstart-android/pull/266,https://issuetracker.google.com/issues/37002161,closed
https://github.com/HotelsDotCom/hcommon-hive-metastore/pull/17,https://github.com/HotelsDotCom/circus-train/issues/115,closed
https://github.com/jshiell/checkstyle-idea/issues/441,https://github.com/checkstyle/checkstyle/issues/6987,closed
https://github.com/twilio/voice-quickstart-android/pull/265,https://issuetracker.google.com/issues/37002161,closed
https://github.com/macacajs/UIAutomatorWD/pull/45,https://github.com/appium/appium/issues/4200,closed
https://github.com/InnovativeOnlineIndustries/Industrial-Foregoing/issues/501,https://github.com/DarkPacks/SkyFactory-4/issues/111,closed
https://github.com/ben-manes/caffeine/issues/300,https://github.com/scala/bug/issues/7751,closed
https://github.com/twilio/voice-quickstart-android/pull/262,https://issuetracker.google.com/issues/37002161,closed
https://github.com/square/wire/issues/882,https://github.com/square/okhttp/issues/4395,closed
https://github.com/signalapp/Signal-Android/issues/8872,https://issuetracker.google.com/issues/37068143,closed
https://github.com/elastic/elasticsearch/issues/35229,https://github.com/googleapis/google-cloud-java/issues/3410,closed
https://github.com/twilio/voice-quickstart-android/pull/259,https://issuetracker.google.com/issues/37002161,closed
https://github.com/spring-cloud/spring-cloud-aws/issues/360,https://github.com/spring-projects/spring-integration-aws/issues/39,closed
https://github.com/twilio/voice-quickstart-android/pull/258,https://issuetracker.google.com/issues/37002161,closed
https://github.com/OpenAPITools/openapi-generator/issues/1882,https://www.bountysource.com/issues/66123212-javascript-client-produces-a-wrong-object-for-a-string-enum-type-that-is-used-with-ref,closed
https://github.com/twilio/voice-quickstart-android/pull/264,https://issuetracker.google.com/issues/37002161,closed
https://github.com/jenkinsci/gitlab-plugin/issues/983,https://issues.jenkins-ci.org/issues/?jql=,closed
https://github.com/twilio/voice-quickstart-android/pull/252,https://issuetracker.google.com/issues/37002161,closed
https://github.com/bazelbuild/bazel/issues/5115,https://github.com/bazelbuild/rules_python/issues/71,closed
https://github.com/twilio/voice-quickstart-android/pull/239,https://issuetracker.google.com/issues/37002161,closed
https://github.com/swagger-api/swagger-core/issues/3009,https://github.com/jersey/jersey/issues/3458,closed
https://github.com/google/guava/issues/1668,https://code.google.com/p/guava-libraries/issues/detail?id=1668,closed
https://github.com/twilio/voice-quickstart-android/pull/250,https://issuetracker.google.com/issues/37002161,closed
https://github.com/grpc/grpc-java/issues/317,https://github.com/netty/netty/issues/3643,closed
https://github.com/jitsi/jitsi-videobridge/issues/707,https://github.com/jitsi/jicofo/issues/276,closed
https://github.com/bazelbuild/bazel/issues/5542,https://buganizer.corp.google.com/issues/23962735,closed
https://github.com/igniterealtime/Openfire/pull/1518,https://issues.igniterealtime.org/projects/OF/issues/OF-1922,closed
https://github.com/react-native-community/google-signin/issues/485,https://github.com/react-native-community/react-native-google-signin/issues/522#issuecomment-421849859,closed
https://github.com/CyclopsMC/IntegratedTunnels/issues/139,https://github.com/CyclopsMC/IntegratedDynamics/issues/644,closed
https://github.com/codetaylor/pyrotech-1.12/issues/266,https://github.com/BluSunrize/ImmersiveEngineering/issues/3631#issue-545102102,open
https://github.com/qzind/tray/issues/619,https://github.com/nyholku/purejavahidapi/issues/49,open
https://github.com/zeroeightysix/KAMI/issues/167,https://github.com/kami-blue/client/issues/292,open
https://github.com/McJtyMods/RFTools/issues/1963,https://github.com/turbodiesel4598/NuclearCraft/issues/553,open
https://github.com/exomiser/Exomiser/issues/348,https://github.com/charite/jannovar/issues/474,open
https://github.com/mccreery/better-hud/issues/89,https://github.com/FlansMods/FlansMod/issues/1226,open
https://github.com/eclipse-ee4j/jax-rpc-ri/issues/22,https://github.com/javaee/jax-rpc-ri/issues/22,open
https://github.com/java-native/jssc/issues/65,https://github.com/AdoptOpenJDK/openjdk-support/issues/76,open
https://github.com/OpenAPITools/openapi-generator/issues/4799,https://www.bountysource.com/issues/66123212-javascript-client-produces-a-wrong-object-for-a-string-enum-type-that-is-used-with-ref,open
https://github.com/timrdf/csv2rdf4lod-automation/issues/391,https://github.com/jeffreywildman/homebrew-virt-manager/issues/24,open
https://github.com/DimensionalDevelopment/VanillaFix/issues/88,https://github.com/sp614x/optifine/issues/1453,open
https://github.com/wso2/product-apim/issues/4682,https://wso2.org/jira/projects/APIMANAGER/issues/APIMANAGER-6108,open
https://github.com/eclipse-ee4j/openmq/issues/146,https://github.com/javaee/openmq/issues/146,open
https://github.com/brave/link-bubble/issues/754,https://code.google.com/p/android/issues/detail?id=78377,open
https://github.com/openhab/org.openhab.binding.zwave/issues/891,https://github.com/OpenZWave/open-zwave/issues/1500,open
https://github.com/HaxeFoundation/intellij-haxe/issues/550,https://github.com/fdorg/flashdevelop/issues/467,open
https://github.com/airbnb/lottie-android/issues/1396,https://github.com/airbnb/lottie-web/issues/1603,open
https://github.com/javaee/metro-jax-ws/issues/755,https://jax-ws.dev.java.net/issues/show_bug.cgi?id=517,open
https://github.com/uber/cadence-java-client/issues/441,https://github.com/uber-go/cadence-client/issues/933,open
https://github.com/Maxopoly/Citadel/issues/2,https://github.com/DevotedMC/Citadel/issues/58,open
https://github.com/takari/polyglot-maven/issues/60,https://github.com/jbosstools/m2e-polyglot-poc/issues/3,open
https://github.com/supergvg/MAtmos/issues/2,https://github.com/Sollace/MAtmos/issues/3,open
